Funnel_Stage,Unique_Users,conversion_rate%,drop_off_rate%
01_View,176624,100.0,0.0
02_Intent,17159,9.71,90.28999999999999
03_Purchase,13635,79.46,20.540000000000006
